{
  "random": {
    "rating": 1047.12,
    "rd": 125.21,
    "vol": 0.060003,
    "games": 15
  },
  "mcts-1k": {
    "rating": 1530.19,
    "rd": 125.21,
    "vol": 0.059997,
    "games": 15
  },
  "mcts-2k": {
    "rating": 1590.58,
    "rd": 125.21,
    "vol": 0.059997,
    "games": 15
  },
  "mcts-5k": {
    "rating": 1832.11,
    "rd": 125.21,
    "vol": 0.06,
    "games": 15
  }
}
