{
  "random": {
    "rating": 899.81,
    "rd": 77.53,
    "vol": 0.060023,
    "games": 75
  },
  "mcts-1k": {
    "rating": 1538.13,
    "rd": 56.43,
    "vol": 0.059977,
    "games": 75
  },
  "mcts-2k": {
    "rating": 1723.26,
    "rd": 57.46,
    "vol": 0.060005,
    "games": 75
  },
  "mcts-5k": {
    "rating": 1832.11,
    "rd": 125.21,
    "vol": 0.06,
    "games": 15
  },
  "neural": {
    "rating": 1415.41,
    "rd": 55.2,
    "vol": 0.059997,
    "games": 60
  }
}
