{
  "random": {
    "rating": 828.48,
    "rd": 63.89,
    "vol": 0.060056,
    "games": 175
  },
  "mcts-1k": {
    "rating": 1610.12,
    "rd": 36.72,
    "vol": 0.060099,
    "games": 175
  },
  "mcts-2k": {
    "rating": 1709.09,
    "rd": 37.86,
    "vol": 0.059943,
    "games": 175
  },
  "mcts-5k": {
    "rating": 1895.58,
    "rd": 50.02,
    "vol": 0.059985,
    "games": 115
  },
  "neural": {
    "rating": 1483.61,
    "rd": 37.94,
    "vol": 0.060118,
    "games": 160
  },
  "neural-v2": {
    "rating": 1230.27,
    "rd": 43.85,
    "vol": 0.059999,
    "games": 100
  }
}
